id,symbol,name,image,current_price,market_cap,market_cap_rank,fully_diluted_valuation,total_volume,high_24h,low_24h,price_change_24h,price_change_percentage_24h,market_cap_change_24h,market_cap_change_percentage_24h,circulating_supply,total_supply,max_supply,ath,ath_change_percentage,ath_date,atl,atl_change_percentage,atl_date,roi,last_updated
bitcoin,btc,Bitcoin,https://coin-images.coingecko.com/coins/images/1/large/bitcoin.png?1696501400,75895.0,1524378137901,1,1524378137901,38605360377.0,77163.0,75038.0,-1120.5605576933303,-1.43717,-22458138620.770508,-1.45188,20085171.0,20085187.0,21000000.0,126080.0,-39.80368,2025-10-06T10:57:42.000Z,67.81,111825.33798,2013-07-05T16:00:00.000Z,,2026-09-16T10:52:20.000Z
ethereum,eth,Ethereum,https://coin-images.coingecko.com/coins/images/279/large/ethereum.png?1696501628,2403.51,293362304781,2,293362304781,19020932911.0,2486.48,2361.16,-78.86714978736563,-3.17801,-9611888219.82959,-3.17251,122053082.69974948,122053082.6997494,,4946.05,-51.40548,2025-08-24T11:21:03.000Z,0.432979,555009.9387,2015-10-19T16:00:00.000Z,"{'times': 41.33292230280803, 'currency': 'btc', 'percentage': 4133.292230280803}",2026-09-16T10:52:20.000Z
tether,usdt,Tether,https://coin-images.coingecko.com/coins/images/325/large/Tether.png?1696501661,0.999327,183319878183,3,188783167115,67839805900.0,0.999744,0.999246,-0.000333428746253084,-0.03279,-49046790.92163086,-0.02675,183442587855.57993,188909533773.7262,,1.32,-24.47051,2018-07-23T16:00:00.000Z,0.572521,74.54855,2015-03-01T16:00:00.000Z,,2026-09-16T10:52:20.000Z
binancecoin,bnb,BNB,https://coin-images.coingecko.com/coins/images/825/large/bnb-icon2_2x.png?1696501970,710.88,94658572682,4,94658574665,919842437.0,723.82,704.22,-8.589214433747088,-1.19062,-1146586752.3423615,-1.19679,133160644.37,133160642.18,200000000.0,1369.99,-48.11059,2025-10-13T00:41:24.000Z,0.0398177,1785238.31588,2017-10-18T16:00:00.000Z,,2026-09-16T10:52:20.000Z
ripple,xrp,XRP,https://coin-images.coingecko.com/coins/images/44/large/xrp-symbol-white-128.png?1696501442,1.29,81000672069,5,128800960084,5899920339.0,1.46,1.27,-0.11391956661517622,-8.13116,-7159338042.50148,-8.12085,62879209849.0,99985622230.0,100000000000.0,3.65,-64.67361,2025-07-17T19:40:53.000Z,0.00268621,47853.63864,2014-05-21T16:00:00.000Z,,2026-09-16T10:52:20.000Z
usd-coin,usdc,USDC,https://coin-images.coingecko.com/coins/images/6319/large/USDC.png?1769615602,0.999686,73676494252,6,73682570800,19936777428.0,1.0,0.999605,-0.000106883732333141,-0.01063,-466410719.87649536,-0.62907,73699287894.67174,73707016288.22256,,1.043,-4.19552,2018-11-14T16:00:00.000Z,0.877647,13.90528,2023-03-11T00:02:13.000Z,,2026-09-16T10:52:20.000Z
solana,sol,Solana,https://coin-images.coingecko.com/coins/images/4128/large/solana.png?1718769756,97.24,57084860322,7,61659517176,3909235472.0,101.32,96.07,-3.703226240155729,-3.67646,-2169279800.8976746,-3.66098,587064675.7892185,634110709.5664843,,293.31,-66.84893,2025-01-19T03:15:27.000Z,0.500801,19316.09846,2020-05-11T11:35:23.000Z,,2026-09-16T10:52:20.000Z
tron,trx,TRON,https://coin-images.coingecko.com/coins/images/1094/large/photo_2026-04-13_09-59-16.png?1776048311,0.334709,31784820453,8,31784829001,505859569.0,0.338782,0.331863,-0.003883010230582462,-1.12973,-364893143.5973816,-1.13498,94952212599.49309,94952208786.20398,,0.431288,-22.39329,2024-12-03T16:10:40.000Z,0.00180434,18450.18431,2017-11-11T16:00:00.000Z,"{'times': 175.12367438472793, 'currency': 'usd', 'percentage': 17512.367438472796}",2026-09-16T10:52:20.000Z
figure-heloc,figr_heloc,Figure Heloc,https://coin-images.coingecko.com/coins/images/68480/large/figure.png?1755863954,1.003,22696334368,9,22696334368,785264562.0,1.047,1.003,,,,,22624876494.218,22624876494.218,,1.061,-5.41032,2026-08-03T14:19:20.000Z,0.155357,545.7134,2025-10-31T06:27:24.000Z,,2026-09-16T10:42:20.000Z
zcash,zec,Zcash,https://coin-images.coingecko.com/coins/images/486/large/Brandmark-Yellow_%281%29.png?1785810558,1209.67,20474389856,9,20476267719,1317286570.0,1212.19,1088.87,65.81,5.82299,1105736225.0,5.7089,16933759.5405448,16935431.4155448,21000000.0,3191.93,-62.10208,2016-10-28T16:00:00.000Z,16.08,7422.79214,2024-07-04T20:22:29.000Z,,2026-09-16T10:52:20.000Z
hyperliquid,hype,Hyperliquid,https://coin-images.coingecko.com/coins/images/50882/large/hyperliquid.jpg?1729431300,77.71,17282901694,10,74222505972,902664895.0,79.72,75.27,-1.699848675515483,-2.12236,-381752898.5479965,-2.16111,222445714.07414138,955307079.4341414,1000000000.0,89.6,-13.26875,2026-09-06T12:28:40.000Z,3.81,1940.33997,2024-11-29T01:30:30.000Z,,2026-09-16T10:52:20.000Z
dogecoin,doge,Dogecoin,https://coin-images.coingecko.com/coins/images/5/large/dogecoin.png?1696501409,0.079854,12452057543,11,13706655981,824342556.0,0.083349,0.078671,-0.002869959098884864,-3.47031,-446621009.66080284,-3.46253,155937816383.70526,155938266383.7052,,0.731578,-89.08468,2021-05-07T21:08:23.000Z,8.69e-05,91787.92485,2015-05-05T16:00:00.000Z,,2026-09-16T10:52:20.000Z
rain,rain,Rain,https://coin-images.coingecko.com/coins/images/69134/large/Rain_logo_1_.png?1762952191,0.01372831,9734692052,12,15680304486,27366821.0,0.01451168,0.0125296,0.00044375,3.41848,312879296.0,3.3208,709233370965.0522,1142408526965.963,1150000000000.0,0.01946402,-29.46827,2026-08-25T19:53:00.000Z,0.00222126,518.04201,2025-09-14T00:56:57.000Z,,2026-09-16T10:52:20.000Z
usds,usds,USDS,https://coin-images.coingecko.com/coins/images/39926/large/usds.webp?1726666683,0.999299,9578201488,13,9578591875,215093126.0,0.999799,0.999215,-0.000339824879537098,-0.03319,-274537408.89081,-2.78641,9583931558.104593,9585908875.031948,,1.057,-5.48782,2024-10-28T21:40:51.000Z,0.948265,5.38174,2024-10-03T05:19:28.000Z,,2026-09-16T10:52:20.000Z
monero,xmr,Monero,https://coin-images.coingecko.com/coins/images/69/large/monero_logo.png?1696501460,504.12,9479766617,14,9479782950,117277536.0,519.62,494.65,-11.94788847230069,-2.33647,-224712389.9349594,-2.31555,18805306.35373624,18805370.55291757,,797.73,-36.8065,2026-01-14T11:34:07.000Z,0.216177,233096.53821,2015-01-13T16:00:00.000Z,,2026-09-16T10:52:20.000Z
whitebit,wbt,WhiteBIT Coin,https://coin-images.coingecko.com/coins/images/27045/large/wbt_token.png?1696526096,77.99,9193025565,15,22891085592,167319657.0,79.84,77.27,-1.6946271879675692,-2.09755,-199800402.06238174,-2.12716,117882016.0,293532015.0,400000000.0,83.22,-6.29258,2026-09-11T14:03:10.000Z,3.06,2447.12678,2023-02-13T11:01:21.000Z,,2026-09-16T10:52:20.000Z
leo-token,leo,LEO Token,https://coin-images.coingecko.com/coins/images/8418/large/leo-token.png?1696508607,8.88,8169790797,16,8750483149,334315.0,9.0,8.73,-0.10953859269519128,-1.21857,-100764171.83846474,-1.21835,919857851.9,985239504.0,,10.61,-16.31571,2026-05-04T09:35:00.000Z,0.799859,1010.39349,2019-12-24T07:14:35.000Z,,2026-09-16T10:52:20.000Z
chainlink,link,Chainlink,https://coin-images.coingecko.com/coins/images/877/large/Chainlink_Logo_500.png?1760023405,10.81,8083907759,17,10805919099,453681979.0,11.49,10.68,-0.575458464982372,-5.05284,-430170940.51927185,-5.05247,748099970.424884,1000000000.0,1000000000.0,52.7,-79.49484,2021-05-09T16:13:57.000Z,0.148183,7192.00208,2017-11-28T16:00:00.000Z,,2026-09-16T10:52:20.000Z
cardano,ada,Cardano,https://coin-images.coingecko.com/coins/images/975/large/cardano.png?1696502090,0.194261,7289007772,18,8742909825,465370999.0,0.207456,0.192225,-0.011051339067472188,-5.39245,-413653348.26501846,-5.37027,37516725700.17653,45000000000.0,45000000000.0,3.09,-93.70693,2021-09-01T22:00:10.000Z,0.01925275,909.00606,2020-03-12T18:22:55.000Z,,2026-09-16T10:52:20.000Z
stellar,xlm,Stellar,https://coin-images.coingecko.com/coins/images/100/large/fmpFRHHQ_400x400.jpg?1735231350,0.175358,6109866038,19,8768207911,391672620.0,0.198377,0.173614,-0.019576908219383155,-10.17776,-681721295.307908,-10.03773,34842264503.25859,50001786839.70148,,0.875563,-79.97195,2018-01-02T16:00:00.000Z,0.00047612,36730.40622,2015-03-04T16:00:00.000Z,,2026-09-16T10:52:20.000Z
ethena-usde,usde,Ethena USDe,https://coin-images.coingecko.com/coins/images/33613/large/usde.png?1733810059,0.999057,4729093655,20,4729093655,88586110.0,0.999657,0.998924,-0.000522328290159968,-0.05082,47369689.0,1.0118,4733583525.263079,4733583525.263079,,1.034,-3.38166,2025-12-09T09:10:12.000Z,0.929486,7.48485,2024-10-03T23:57:15.000Z,,2026-09-16T10:52:20.000Z
dai,dai,Dai,https://coin-images.coingecko.com/coins/images/9956/large/Badge_Dai.png?1696509996,1.0,4577830484,21,4577875118,335147024.0,1.0,0.999735,0.0002998,0.01209,-17785230.258244514,-0.387,4577880650.888247,4582428736.719938,,1.22,-17.94465,2020-03-12T19:02:50.000Z,0.88196,13.40626,2023-03-10T23:50:50.000Z,,2026-09-16T10:52:20.000Z
bitcoin-cash,bch,Bitcoin Cash,https://coin-images.coingecko.com/coins/images/780/large/bitcoin-cash-circle.png?1696501932,218.71,4394437010,22,4394495796,148179044.0,224.8,213.37,-3.430494057978251,-1.53973,-68266675.62374973,-1.52972,20089853.02165077,20089874.89665077,21000000.0,3785.82,-94.22287,2017-12-19T16:00:00.000Z,76.93,184.28197,2018-12-15T16:00:00.000Z,,2026-09-16T10:52:20.000Z
usd1-wlfi,usd1,USD1,https://coin-images.coingecko.com/coins/images/54977/large/USD1_1000x1000_transparent.png?1749297002,0.999178,4343025589,23,4343025589,1153508533.0,0.999534,0.999034,-0.000299123450963279,-0.0316,-1307304.0583734512,-0.03009,4346607627.726874,4346607627.726874,,1.048,-4.65246,2026-07-09T10:14:50.000Z,0.988762,1.05335,2026-07-09T09:13:20.000Z,,2026-09-16T10:52:20.000Z
litecoin,ltc,Litecoin,https://coin-images.coingecko.com/coins/images/2/large/litecoin.png?1696501400,50.65,3930764938,24,3930937768,243892654.0,52.81,50.56,-1.9292541117453723,-3.66637,-149844598.8581195,-3.67211,77612279.40124893,77615948.16127186,84000000.0,410.26,-87.65439,2021-05-09T19:13:07.000Z,1.15,4308.70382,2015-01-13T16:00:00.000Z,,2026-09-16T10:52:20.000Z
uniswap,uni,Uniswap,https://coin-images.coingecko.com/coins/images/12504/large/uniswap-logo.png?1720676669,6.29,3921863557,25,5603649956,675237774.0,6.82,6.18,-0.41693385995225807,-6.16783,-260219005.20361185,-6.22224,623212423.7271129,890460420.0329479,1000000000.0,44.92,-85.98827,2021-05-02T21:25:04.000Z,1.03,510.94676,2020-09-16T17:20:38.000Z,,2026-09-16T10:52:20.000Z
the-open-network,gram,Gram (prev. Toncoin),https://coin-images.coingecko.com/coins/images/17980/large/Gram_Circular_Badge.png?1781524778,1.31,3664724182,26,6884481707,27916755.0,1.34,1.31,-0.02865064545939111,-2.08964,-73842509.80293465,-1.97516,2794664601.9219594,5250042781.851522,,8.25,-84.10932,2024-06-14T16:36:51.000Z,0.519364,152.53088,2021-09-20T16:33:11.000Z,,2026-09-16T10:52:20.000Z
canton-network,cc,Canton,https://coin-images.coingecko.com/coins/images/70468/large/Canton-Ticker_%281%29.png?1762826299,0.09095,3601248822,27,3601248822,8464344.0,0.095507,0.090148,-0.004404737162998135,-4.59782,-174317066.4626751,-4.61698,39600380834.96856,39600380834.96856,,0.194152,-53.15504,2026-02-03T00:02:08.000Z,0.059024,54.09017,2025-12-06T02:32:09.000Z,,2026-09-16T10:52:20.000Z
global-dollar,usdg,Global Dollar,https://coin-images.coingecko.com/coins/images/51281/large/GDN_USDG_Token_200x200.png?1730484111,1.0,3283901201,28,3283901201,1154587401.0,1.0,0.999809,1.012e-05,0.00286,-32090081.548171997,-0.96774,3283758930.547109,3283752326.297172,,1.65,-39.5572,2025-01-29T16:11:05.000Z,0.907561,10.18935,2024-11-11T15:55:50.000Z,,2026-09-16T10:52:20.000Z
hedera-hashgraph,hbar,Hedera,https://coin-images.coingecko.com/coins/images/3688/large/hbar.png?1696504364,0.074329,3258179319,29,3716705054,98749219.0,0.079821,0.073712,-0.003226624924973415,-4.18866,-141218404.1310053,-4.15422,43831556056.48628,50000000000.0,50000000000.0,0.569229,-86.94211,2021-09-15T02:40:28.000Z,0.00986111,653.7621,2020-01-02T09:30:24.000Z,,2026-09-16T10:52:20.000Z
avalanche-2,avax,Avalanche,https://coin-images.coingecko.com/coins/images/12559/large/Avalanche_Circle_RedWhite_Trans.png?1696512369,7.26,3213785434,30,3407327578,288722887.0,7.61,7.19,-0.26147141625622705,-3.46508,-113594236.60803604,-3.41392,442820595.57052505,469489390.4661429,720000000.0,144.96,-94.9934,2021-11-21T06:18:56.000Z,2.8,159.10252,2020-12-31T05:15:21.000Z,,2026-09-16T10:52:20.000Z
near,near,NEAR Protocol,https://coin-images.coingecko.com/coins/images/10365/large/near.jpg?1696510367,2.43,3177368956,31,3177369012,333935297.0,2.43,2.3,0.0419795,1.73262,52860443.0,1.6918,1306460927.0,1306460905.0,,20.44,-88.0923,2022-01-16T14:09:45.000Z,0.526762,362.01299,2020-11-04T08:09:15.000Z,,2026-09-16T10:52:20.000Z
shiba-inu,shib,Shiba Inu,https://coin-images.coingecko.com/coins/images/11939/large/shiba.png?1696511800,4.88e-06,2876969178,32,2878223261,89445115.0,5.2e-06,4.83e-06,-2.77312162844e-07,-5.4049,-163805345.96484232,-5.38696,589239232074943.9,589496238721205.9,,8.616e-05,-94.33233,2021-10-27T19:54:55.000Z,5.6366e-11,8663209.54764,2020-11-28T03:26:25.000Z,,2026-09-16T10:52:20.000Z
sui,sui,Sui,https://coin-images.coingecko.com/coins/images/26375/large/sui-ocean-square.png?1727791290,0.689149,2823205602,33,6891688030,521334479.0,0.716401,0.675641,-0.021420799834296567,-3.00601,-87671742.17952538,-3.01187,4096537146.5409594,10000000000.0,10000000000.0,5.35,-87.11043,2025-01-04T14:56:18.000Z,0.364846,88.8876,2023-10-19T02:40:30.000Z,,2026-09-16T10:52:20.000Z
paypal-usd,pyusd,PayPal USD,https://coin-images.coingecko.com/coins/images/31212/large/PYUSD_Token_Logo_2x.png?1765987788,0.999476,2818055041,34,2818055041,117822879.0,0.999793,0.999375,-0.000220228942150569,-0.02147,-39839851.40529823,-1.39403,2819345269.6271477,2819345269.627147,,1.021,-2.08291,2023-10-23T14:44:57.000Z,0.959426,4.17439,2024-12-05T14:31:13.000Z,,2026-09-16T10:52:20.000Z
tether-gold,xaut,Tether Gold,https://coin-images.coingecko.com/coins/images/10481/large/logo.png?1774627372,4343.16,2705006920,35,3073840796,168864592.0,4334.81,4273.35,62.54,1.46,38932078.0,1.46028,622823.6595320001,707747.089,,5504.62,-21.09962,2026-01-28T16:00:00.000Z,1447.84,199.97508,2020-03-19T05:45:41.000Z,,2026-09-16T10:52:20.000Z
blackrock-usd-institutional-digital-liquidity-fund,buidl,BlackRock USD Institutional Digital Liquidity Fund,https://coin-images.coingecko.com/coins/images/36291/large/blackrock.png?1711013223,1.0,2701488574,36,2701488574,0.0,1.0,1.0,0.0,0.0,-24627618.48000002,-0.9034,2701488573.550449,2701488573.550449,,1.0,0.0,2025-02-11T21:00:10.000Z,1.0,0.0,2026-07-23T07:25:00.000Z,,2026-09-16T10:52:20.000Z
crypto-com-chain,cro,Cronos,https://coin-images.coingecko.com/coins/images/7310/large/cro_token_logo.png?1696507599,0.055352,2688148032,37,5476418347,9171951.0,0.058087,0.05466,-0.002178784505263452,-3.80983,-105327905.12977028,-3.7705,48558007646.287674,98924647061.22173,100000000000.0,0.891544,-93.79142,2021-11-23T16:00:00.000Z,0.0121196,356.71664,2019-02-07T16:00:00.000Z,,2026-09-16T10:52:20.000Z
hashnote-usyc,usyc,Circle USYC,https://coin-images.coingecko.com/coins/images/51054/large/Hashnote_SDYC_200x200.png?1730370965,1.14,2605983780,38,2605983780,0.0,1.14,1.14,9.804e-05,0.00862,399485.0,0.01533,2291321221.608375,2291321221.608375,,1.14,0.0,2026-09-15T13:00:30.000Z,1.026,10.83957,2024-12-05T14:31:20.000Z,,2026-09-16T10:52:20.000Z
memecore,m,MemeCore,https://coin-images.coingecko.com/coins/images/53247/large/square-bg-transparent.png?1752637478,1.1,2503768101,39,5963462348,582081.0,1.15,1.095,-0.001486373597722634,-0.13505,-2269273.2116098404,-0.09055,2273401186.780368,5414775583.665193,10000000000.0,5.64,-80.49006,2026-07-02T04:14:00.000Z,0.04746135,2219.8305,2025-07-03T19:56:17.000Z,,2026-09-16T10:52:20.000Z
bittensor,tao,Bittensor,https://coin-images.coingecko.com/coins/images/28452/large/ARUsPeNQ_400x400.jpeg?1696527447,216.73,2457668674,40,4551380396,180708082.0,226.99,213.51,-9.648821844300755,-4.2631,-109358498.03352785,-4.26012,11339645.9251,21000000.0,21000000.0,757.6,-71.39307,2024-03-07T10:45:36.000Z,30.83,602.97665,2023-05-14T00:57:53.000Z,,2026-09-16T10:52:20.000Z
ripple-usd,rlusd,Ripple USD,https://coin-images.coingecko.com/coins/images/39651/large/RLUSD_200x200_%281%29.png?1727376633,0.999965,2345413368,41,2345413368,363212288.0,1.001,0.999643,2.488e-05,-0.00117,-27849967.42712593,-1.17349,2345466285.36754,2345466285.367541,,1.073,-6.79084,2024-12-26T02:45:52.000Z,0.962292,3.91491,2024-12-17T20:40:40.000Z,,2026-09-16T10:52:20.000Z
okb,okb,OKB,https://coin-images.coingecko.com/coins/images/4463/large/WeChat_Image_20220118095654.png?1696505053,110.12,2312658068,42,2312658068,20302092.0,113.06,108.53,-2.8913237844193134,-2.59036,-60507818.52595663,-2.54967,21000000.0,21000000.0,21000000.0,228.74,-51.85938,2025-10-04T16:00:00.000Z,0.580608,18865.73527,2019-01-13T16:00:00.000Z,,2026-09-16T10:52:20.000Z
ondo-us-dollar-yield,usdy,Ondo US Dollar Yield,https://coin-images.coingecko.com/coins/images/31700/large/usdy_%281%29.png?1696530524,1.14,2240628461,43,2240628461,4706889.0,1.15,1.14,-0.001816118974641956,-0.15129,8121757.0,0.3638,1954710080.8249032,1954710080.824903,,1.26,-9.44812,2024-03-26T21:24:08.000Z,0.934184,22.42901,2024-01-14T03:40:50.000Z,,2026-09-16T10:52:20.000Z
bitway,btw,Bitway,https://coin-images.coingecko.com/coins/images/71205/large/BTW_Token_200x200.png?1786291907,0.778715,2108375882,44,7785321687,16510874.0,0.786759,0.679488,0.071418,10.30221,192913120.0,10.07136,2708142280.000001,10000000000.0,10000000000.0,0.786759,-1.02233,2026-09-16T04:35:40.000Z,0.00911805,8440.37361,2026-03-03T06:55:24.000Z,,2026-09-16T10:52:20.000Z
pax-gold,paxg,PAX Gold,https://coin-images.coingecko.com/coins/images/9519/large/asset-paxg.png?1785284785,4349.18,1889794675,45,1889794675,168914362.0,4340.33,4275.34,66.11,1.54737,35622017.0,1.92118,434499.367539,434499.367539,,5619.09,-22.59986,2026-01-28T22:30:56.000Z,1399.64,210.73556,2019-11-17T19:09:35.000Z,,2026-09-16T10:52:20.000Z
aave,aave,Aave,https://coin-images.coingecko.com/coins/images/12645/large/aave-token-round.png?1720472354,119.72,1847083196,46,1915594333,262690847.0,129.02,118.4,-7.991227487837747,-6.24811,-123227218.3977778,-6.2542,15427760.789847402,16000000.0,16000000.0,661.69,-81.90669,2021-05-18T13:19:59.000Z,26.02,360.05812,2020-11-05T01:20:11.000Z,,2026-09-16T10:52:20.000Z
aster-2,aster,Aster,https://coin-images.coingecko.com/coins/images/69040/large/_ASTER.png?1757326782,0.673268,1820436609,47,5253792859,94682764.0,0.696334,0.662325,-0.015298419895580784,-2.28566,-41494795.847183466,-2.22859,2704071066.7997313,7803968119.651995,8000000000.0,2.41,-72.04893,2025-09-24T03:18:14.000Z,0.099713,575.20221,2025-09-17T04:05:36.000Z,,2026-09-16T10:52:20.000Z
world-liberty-financial,wlfi,World Liberty Financial,https://coin-images.coingecko.com/coins/images/50767/large/wlfi.png?1756438915,0.056966,1810379285,48,5697070801,34237872.0,0.057633,0.056071,-0.00056066145488444,-0.97289,-17660397.785027504,-0.96608,31777370298.0,100000000000.0,100000000000.0,0.331336,-82.80723,2025-09-01T04:20:09.000Z,0.04828182,17.98607,2026-09-11T10:24:10.000Z,,2026-09-16T10:52:20.000Z
mantle,mnt,Mantle,https://coin-images.coingecko.com/coins/images/30980/large/MNT_Token_Logo.png?1765516974,0.543203,1793821041,49,3378360628,22412294.0,0.561192,0.537594,-0.01579832376236423,-2.81923,-52167526.92569661,-2.82599,3302294382.53684,6219316794.889999,6219316794.89,2.86,-80.97398,2025-10-08T17:04:46.000Z,0.307978,76.37765,2023-10-17T18:50:46.000Z,,2026-09-16T10:52:20.000Z
pump-fun,pump,Pump.fun,https://coin-images.coingecko.com/coins/images/67164/large/pump.jpg?1751949376,0.00361769,1694026029,50,3016330039,148119135.0,0.00367071,0.0034046,7.32e-06,0.21732,2578535.0,0.15245,468263373992.83167,833771174224.4434,1000000000000.0,0.00881908,-58.97887,2025-09-14T08:42:40.000Z,0.00115473,213.29402,2026-06-25T17:04:20.000Z,,2026-09-16T10:52:20.000Z
polkadot,dot,Polkadot,https://coin-images.coingecko.com/coins/images/12171/large/polkadot.jpg?1766533446,0.958881,1632596951,51,1632600498,141627204.0,0.995188,0.937387,-0.035128956636277464,-3.55742,-60064566.61390138,-3.54853,1703008254.335397,1703023312.291774,2100000000.0,54.98,-98.25591,2021-11-04T06:10:09.000Z,0.727004,31.89487,2026-08-18T02:57:10.000Z,,2026-09-16T10:52:20.000Z
ondo-finance,ondo,Ondo,https://coin-images.coingecko.com/coins/images/26580/large/ONDO.png?1696525656,0.326744,1591143137,52,3267683492,130354313.0,0.352507,0.323088,-0.022087125347142966,-6.38074,-107432703.3646729,-6.32487,4869330647.0,10000000000.0,10000000000.0,2.14,-84.73269,2024-12-15T16:36:00.000Z,0.082171,297.63955,2024-01-18T04:14:30.000Z,,2026-09-16T10:52:20.000Z
usdd,usdd,USDD,https://coin-images.coingecko.com/coins/images/25380/large/UUSD.jpg?1696524513,0.998628,1511236416,53,1514657322,4003059.0,0.999364,0.998222,-0.000529083151437182,-0.05227,6837250.0,0.45448,1513164099.0,1512688187.0,,1.24,-19.60861,2026-07-09T09:35:10.000Z,0.928067,7.60303,2022-06-19T08:15:11.000Z,,2026-09-16T10:52:20.000Z
htx-dao,htx,HTX DAO,https://coin-images.coingecko.com/coins/images/35491/large/Frame_1321318576.png?1708908626,1.66e-06,1489315595,54,1489315595,15399785.0,1.7e-06,1.65e-06,-3.2695531735e-08,-1.92649,-29871103.25782776,-1.96626,898232728634017.2,898232728634017.2,999990000000000.0,3.75e-06,-55.78803,2024-12-03T16:16:20.000Z,8.00816e-07,107.11507,2024-08-05T05:31:33.000Z,,2026-09-16T10:52:20.000Z
ethena,ena,Ethena,https://coin-images.coingecko.com/coins/images/36530/large/ethena.png?1711701436,0.144368,1460589132,55,2170198988,343683770.0,0.146807,0.135956,0.00170787,1.13257,20391687.0,1.4159,10095312500.0,15000000000.0,15000000000.0,1.52,-90.48773,2024-04-11T05:15:15.000Z,0.070228,105.56885,2026-06-30T15:44:00.000Z,,2026-09-16T10:52:20.000Z
morpho,morpho,Morpho,https://coin-images.coingecko.com/coins/images/29837/large/Morpho-token-icon.png?1726771230,2.1,1445534460,56,2097452517,20571724.0,2.16,2.06,-0.05271578049790859,-2.41438,-36269066.13239527,-2.44763,689185785.366498,1000000000.0,1000000000.0,4.17,-49.70684,2025-01-17T04:46:19.000Z,0.713151,194.12132,2024-11-24T17:55:43.000Z,,2026-09-16T10:52:20.000Z
pepe,pepe,Pepe,https://coin-images.coingecko.com/coins/images/29850/large/pepe-token.jpeg?1696528776,3.35e-06,1407889580,57,1407889580,237279832.0,3.49e-06,3.28e-06,-1.03262102658e-07,-3.0738,-43904394.89060092,-3.02415,420690000000000.0,420690000000000.0,420690000000000.0,2.803e-05,-88.05588,2024-12-09T08:30:35.000Z,5.5142e-08,5971.04814,2023-04-17T18:14:41.000Z,,2026-09-16T10:52:20.000Z
internet-computer,icp,Internet Computer,https://coin-images.coingecko.com/coins/images/14495/large/Internet_Computer_logo.png?1696514180,2.51,1399047787,58,1399047787,47732845.0,2.59,2.45,-0.06946383637004416,-2.67863,-38339369.958185196,-2.6673,556865810.7711952,556865843.2945659,,700.65,-99.64149,2021-05-10T08:05:53.000Z,2.0,25.42736,2026-08-01T20:31:10.000Z,,2026-09-16T10:52:20.000Z
sky,sky,Sky,https://coin-images.coingecko.com/coins/images/39925/large/sky.jpg?1724827980,0.059335,1389917932,59,1392010843,10408206.0,0.063007,0.058533,-0.003032531122071441,-4.8831,-71124263.98666239,-4.86805,23424532004.999016,23459804203.60596,23462665147.3,0.100535,-40.98084,2024-12-04T02:13:57.000Z,0.03582727,65.61421,2025-02-02T21:01:48.000Z,,2026-09-16T10:52:20.000Z
usdgo,usdgo,USDGO,https://coin-images.coingecko.com/coins/images/102172077/large/USDGO_%287%29.png?1771437018,1.0,1376962764,60,1376962764,30450255.0,1.0,0.99992,-3.2889304087957e-05,-0.00991,-5042234.925882101,-0.36485,1376792098.16,1376792098.16,,1.002,-0.22826,2026-03-11T00:04:22.000Z,0.999259,0.0863,2026-05-13T20:34:00.000Z,,2026-09-16T10:52:20.000Z
spiko-amundi-overnight-swap-fund-eur,eursafo,Spiko Amundi Overnight Swap Fund (EUR),https://coin-images.coingecko.com/coins/images/102172591/large/Fund_eurSAF0.png?1774104814,1.17,1376796088,61,1376796088,0.0,1.17,1.17,-1.5134763730718e-05,-0.0013,1170942.0,0.08512,1178470806.74904,1178470806.74904,,1.18,-1.30704,2026-08-21T11:35:00.000Z,1.15,1.22937,2026-07-30T07:40:10.000Z,,2026-09-16T10:52:20.000Z
united-stables,u,United Stables,https://coin-images.coingecko.com/coins/images/71157/large/united-stables-logo.jpg?1766061640,0.999606,1376494668,62,1376494668,236499305.0,0.999963,0.999166,-0.000195729517287302,-0.0271,54112188.0,4.09202,1377129007.8,1377129007.8,,1.008,-0.81094,2026-02-05T13:06:07.000Z,0.968158,3.24826,2025-12-20T16:47:20.000Z,,2026-09-16T10:52:20.000Z
falcon-finance,usdf,Falcon USD,https://coin-images.coingecko.com/coins/images/54558/large/ff_200_X_200.png?1740741076,0.995656,1339048337,63,1339048337,597317.0,0.996406,0.995659,-0.000624239385470959,-0.06156,-488656.1177492142,-0.03648,1344884513.993609,1344884513.993609,,1.075,-7.34485,2025-05-08T13:25:42.000Z,0.943422,5.5366,2025-07-08T02:16:34.000Z,,2026-09-16T10:52:20.000Z
bitget-token,bgb,Bitget Token,https://coin-images.coingecko.com/coins/images/11610/large/Bitget_logo.png?1736925727,1.91,1334850839,64,1737081913,13700088.0,1.94,1.86,-0.022763920021917627,-1.15005,-15933423.340202808,-1.17957,699992029.6481038,910920874.6481038,2000000000.0,8.45,-77.43341,2024-12-27T03:41:24.000Z,0.0142795,13254.45468,2020-06-24T20:17:05.000Z,,2026-09-16T10:52:20.000Z
bfusd,bfusd,BFUSD,https://coin-images.coingecko.com/coins/images/68227/large/bfusd.png?1755132827,0.999307,1319090721,65,1319090721,1419369.0,0.999677,0.999119,-0.00022358579425652,-0.02177,-289212.0545158386,-0.02192,1320000000.0,1320000000.0,,1.007,-0.75654,2025-10-10T13:40:40.000Z,0.996931,0.23832,2026-07-29T19:14:40.000Z,,2026-09-16T10:52:20.000Z
worldcoin-wld,wld,Worldcoin,https://coin-images.coingecko.com/coins/images/31069/large/worldcoin.jpeg?1696529903,0.366006,1315554666,66,3658686006,156605817.0,0.378866,0.356093,-0.007709325531077171,-2.07555,-27673344.582398176,-2.06021,3595702565.8891077,10000000000.0,10000000000.0,11.74,-96.88257,2024-03-09T16:10:42.000Z,0.229961,59.15981,2026-05-18T15:06:00.000Z,,2026-09-16T10:52:20.000Z
ethereum-classic,etc,Ethereum Classic,https://coin-images.coingecko.com/coins/images/453/large/ethereum-classic-logo.png?1696501717,7.18,1135944068,67,1135946863,47859966.0,7.46,7.11,-0.23715128510216843,-3.16618,-37254886.43919492,-3.1755,158183640.1257251,158184431.6777251,210700000.0,167.09,-95.70278,2021-05-06T10:34:22.000Z,0.615038,1067.41118,2016-07-24T16:00:00.000Z,"{'times': 14.954511487076, 'currency': 'usd', 'percentage': 1495.4511487076}",2026-09-16T10:52:20.000Z
lighter,lit,Lighter,https://coin-images.coingecko.com/coins/images/71121/large/lighter.png?1765888098,4.31,1078683196,68,4314732782,102388134.0,4.48,4.01,-0.09088428586685904,-2.0808,-21833569.32531953,-1.98394,250000000.0,1000000000.0,1000000000.0,7.86,-45.14896,2025-12-30T01:05:21.000Z,0.779399,453.14217,2026-03-31T09:55:00.000Z,,2026-09-16T10:52:20.000Z
venice-token,vvv,Venice Token,https://coin-images.coingecko.com/coins/images/54023/large/VVV_Token_Transparent.png?1741856877,22.38,1074313773,69,1812528456,40432761.0,22.82,21.2,0.244976,1.01181,12517921.0,1.17894,48002638.92960311,81020287.69937833,,29.19,-23.32894,2026-09-09T07:42:00.000Z,0.91975,2332.99193,2025-12-01T10:55:48.000Z,,2026-09-16T10:52:20.000Z
arbitrum,arb,Arbitrum,https://coin-images.coingecko.com/coins/images/16547/large/arb.jpg?1721358242,0.159423,1064024224,70,1593309562,581064528.0,0.159708,0.13466,0.02467771,18.28768,164181776.0,18.24561,6678075931.0,10000000000.0,10000000000.0,2.39,-93.33035,2024-01-12T04:29:59.000Z,0.07048,126.19704,2026-06-26T13:20:40.000Z,,2026-09-16T10:52:20.000Z
polygon-ecosystem-token,pol,POL (ex-MATIC),https://coin-images.coingecko.com/coins/images/32440/large/pol.png?1759114181,0.095569,1024332837,71,1024332837,100379893.0,0.098305,0.090587,-0.00107490186099192,-1.08748,-11172803.34383607,-1.07897,10715266597.60465,10715266597.60465,,1.29,-92.57754,2024-03-13T10:55:06.000Z,0.067711,41.14195,2026-07-01T01:13:30.000Z,,2026-09-16T10:52:20.000Z
blockchain-capital,bcap,Blockchain Capital,https://coin-images.coingecko.com/coins/images/56040/large/bcap_logo_200.png?1748088291,106.54,970804306,72,970804306,0.0,106.54,106.54,0.0,0.0,0.0,0.0,9112111.0,9112111.0,,106.54,0.0,2026-09-15T03:30:00.000Z,17.76,499.88739,2025-06-02T12:50:02.000Z,,2026-09-16T10:52:20.000Z
gatechain-token,gt,Gate,https://coin-images.coingecko.com/coins/images/8183/large/200X200.png?1735246724,9.08,967233861,73,1078363666,4421454.0,9.21,8.97,-0.10084691889584185,-1.08405,-11353089.44511342,-1.16015,106629946.42089622,118881219.32145792,142622844.0,25.38,-64.23934,2025-01-25T16:00:00.000Z,0.25754,3424.3666,2020-03-12T18:18:02.000Z,,2026-09-16T10:52:20.000Z
just,jst,JUST,https://coin-images.coingecko.com/coins/images/11095/large/JUST.jpg?1696511035,0.115979,949749225,74,949749225,23508902.0,0.11612,0.113158,0.00082915,0.72868,6816269.0,0.72288,8188743036.341737,8188743036.341737,9900000000.0,0.193254,-39.98626,2021-04-04T20:34:23.000Z,0.00476275,2335.1292,2020-05-08T22:08:54.000Z,,2026-09-16T10:52:20.000Z
pi-network,pi,Pi Network,https://coin-images.coingecko.com/coins/images/54342/large/pi_network.jpg?1739347576,0.083437,934670060,75,1437953938,15058977.0,0.096331,0.081803,-0.012598070085618321,-13.17137,-140259972.466215,-13.04829,11200677938.00457,17231812212.31472,100000000000.0,2.99,-97.20723,2025-02-26T08:41:03.000Z,0.070586,18.20601,2026-07-14T02:37:30.000Z,,2026-09-16T10:52:20.000Z
kucoin-shares,kcs,KuCoin,https://coin-images.coingecko.com/coins/images/1047/large/sa9z79.png?1696502152,6.78,930006598,76,963910081,4458108.0,6.98,6.76,-0.11625633367922461,-1.6514,-15760216.795727253,-1.6664,137155021.2773955,142155021.2773955,,28.83,-76.485,2021-12-01T07:09:35.000Z,0.342863,1877.27571,2019-02-06T16:00:00.000Z,,2026-09-16T10:52:20.000Z
kaspa,kas,Kaspa,https://coin-images.coingecko.com/coins/images/25751/large/kaspa-icon-exchanges.png?1696524837,0.03204663,887790939,77,887834514,12104804.0,0.03422557,0.03173331,-0.001770298892184552,-5.27346,-48953876.74577057,-5.22596,27701989210.639442,27703482968.93578,28704026601.0,0.207411,-84.54922,2024-07-31T16:40:47.000Z,0.00017105,18635.28077,2022-05-26T06:42:59.000Z,,2026-09-16T10:52:20.000Z
quant-network,qnt,Quant,https://coin-images.coingecko.com/coins/images/3370/large/5ZOu7brX_400x400.jpg?1696504070,59.49,865284908,78,869349320,8129766.0,63.12,59.25,-3.083718347519927,-4.69366,-44850350.39839709,-4.92788,14544176.164081175,14612493.0,14612493.0,427.42,-86.08085,2021-09-11T01:15:00.000Z,0.215773,27472.25783,2018-08-22T16:00:00.000Z,"{'times': 9.649553090129736, 'currency': 'eth', 'percentage': 964.9553090129735}",2026-09-16T10:52:20.000Z
eutbl,eutbl,Spiko EU T-Bills Money Market Fund,https://coin-images.coingecko.com/coins/images/39657/large/EUTBL.png?1723517425,1.22,801237482,79,801237482,0.0,1.22,1.22,-2.9947775021633e-05,-0.00245,-28487388.206563115,-3.43335,655893653.31917,655893653.31917,,1.26,-3.1261,2026-01-27T13:00:08.000Z,1.011,20.83806,2024-08-15T01:45:23.000Z,,2026-09-16T10:52:20.000Z
algorand,algo,Algorand,https://coin-images.coingecko.com/coins/images/4380/large/download.png?1696504978,0.087962,795234604,80,795250356,47159784.0,0.098113,0.086795,-0.006053093193105777,-6.42792,-54780369.115519166,-6.44464,9041440361.74052,9041633990.005966,10000000000.0,3.56,-97.52997,2019-06-20T06:51:19.000Z,0.075732,16.14842,2026-07-29T20:10:10.000Z,"{'times': -0.9633577718708386, 'currency': 'usd', 'percentage': -96.33577718708386}",2026-09-16T10:52:20.000Z
nexo,nexo,NEXO,https://coin-images.coingecko.com/coins/images/3695/large/CG-nexo-token-200x200_2x.png?1730414360,0.794179,794187877,81,794187877,5767715.0,0.808447,0.784022,-0.013576482546691082,-1.65372,-13567653.30356431,-1.67967,1000000000.0,1000000000.0,1000000000.0,4.07,-80.47727,2021-05-12T06:37:47.000Z,0.04515276,1658.87148,2018-09-12T16:00:00.000Z,"{'times': 6.940386513434435, 'currency': 'usd', 'percentage': 694.0386513434435}",2026-09-16T10:52:20.000Z
cosmos,atom,Cosmos Hub,https://coin-images.coingecko.com/coins/images/1481/large/cosmos_hub.png?1696502525,1.49,791968178,82,791970230,41719776.0,1.59,1.48,-0.09847320371790724,-6.18603,-52019503.349188566,-6.16354,531004088.271095,531017741.096876,,43.84,-96.59823,2021-09-19T16:00:00.000Z,1.16,28.57249,2020-03-12T18:27:44.000Z,"{'times': 13.90917841102634, 'currency': 'usd', 'percentage': 1390.917841102634}",2026-09-16T10:52:20.000Z
superstate-short-duration-us-government-securities-fund-ustb,ustb,Invesco Short Duration US Government Securities Fund,https://coin-images.coingecko.com/coins/images/35012/large/Invesco_icon_lg.png?1780816895,11.21,749063384,83,747004019,0.0,11.21,11.21,0.003239,0.0289,-3717620.240510583,-0.49385,66806170.435223,66574290.797951,,11.21,0.0,2026-09-15T18:45:20.000Z,10.29,8.9569,2025-02-26T01:55:09.000Z,,2026-09-16T10:52:20.000Z
janus-henderson-anemoy-aaa-clo-fund,jaaa,Janus Henderson Anemoy AAA CLO Fund,https://coin-images.coingecko.com/coins/images/70446/large/jaaa.png?1762078666,1.05,720567789,84,720567789,0.0,1.05,1.05,8.5e-05,0.0081,5580981.0,0.78057,686482557.075531,686482557.075531,,1.05,0.0,2026-09-15T11:40:00.000Z,1.009,3.97875,2025-12-06T06:10:05.000Z,,2026-09-16T10:52:20.000Z
stable-2,stable,​​Stable,https://coin-images.coingecko.com/coins/images/69242/large/stable-logotype-framed-square-light.png?1762753913,0.02691648,709632986,85,2691195945,7807200.0,0.02772443,0.026721,-0.000678812227565717,-2.53846,-17200928.732678056,-2.36656,26368685185.0,100000000000.0,100000000000.0,0.04323745,-37.7473,2026-05-14T23:31:00.000Z,0.0092214,191.89157,2025-12-23T21:49:32.000Z,,2026-09-16T10:52:20.000Z
jupiter-exchange-solana,jup,Jupiter,https://coin-images.coingecko.com/coins/images/34188/large/jup.png?1704266489,0.211608,702426638,86,1451990126,66791273.0,0.232978,0.209445,-0.020182933271323644,-8.68425,-66974601.08896804,-8.70477,3319369204.37,6861487088.534288,10000000000.0,2.0,-89.41965,2024-01-31T07:02:47.000Z,0.135801,55.82256,2026-02-12T10:35:44.000Z,,2026-09-16T10:52:20.000Z
gho,gho,GHO,https://coin-images.coingecko.com/coins/images/30663/large/gho-token-logo.png?1720517092,0.998486,697939466,87,697939466,8401846.0,0.998963,0.998372,-0.000326117581750829,-0.03241,-230038.14342713356,-0.03295,699000000.0,699000000.0,,1.03,-3.0448,2024-02-28T09:15:58.000Z,0.917065,8.87835,2023-10-23T20:41:04.000Z,,2026-09-16T10:52:20.000Z
pancakeswap-token,cake,PancakeSwap,https://coin-images.coingecko.com/coins/images/12632/large/pancakeswap-cake-logo_%281%29.png?1696512440,2.17,693917424,88,719254149,66928281.0,2.3,2.16,-0.12287486480483567,-5.38938,-39347095.100165606,-5.36602,319430169.5738779,331093394.0061938,400000000.0,43.96,-95.05813,2021-04-30T02:08:22.000Z,0.194441,1017.39718,2020-11-03T06:29:34.000Z,,2026-09-16T10:52:20.000Z
dash,dash,Dash,https://coin-images.coingecko.com/coins/images/19/large/dash-logo.png?1696501423,52.75,676555723,89,676553973,105069145.0,53.5,49.94,-0.57648487872396,-1.06555,-7620424.683089137,-1.11381,12830906.8495184,12830880.13820067,18920000.0,1493.59,-96.46808,2017-12-19T16:00:00.000Z,0.213899,24562.27977,2014-02-13T16:00:00.000Z,,2026-09-16T10:52:20.000Z
janus-henderson-anemoy-treasury-fund,jtrsy,Janus Henderson Anemoy Treasury Fund,https://coin-images.coingecko.com/coins/images/70445/large/JTRSY.png?1762078582,1.12,675176286,90,675176286,0.0,1.12,1.12,0.0002,0.01792,-25029692.096185327,-3.57462,604951138.283703,604951138.283703,,1.12,0.0,2026-09-16T08:05:00.000Z,1.085,2.8866,2025-11-12T20:05:05.000Z,,2026-09-16T10:52:20.000Z
render-token,render,Render,https://coin-images.coingecko.com/coins/images/11636/large/rndr.png?1696511529,1.3,674196812,91,693378997,42263912.0,1.37,1.29,-0.06648168594875226,-4.93419,-34342912.97293067,-4.847,518776241.28269154,533536414.5626915,644245094.0,13.53,-90.40016,2024-03-17T08:30:24.000Z,0.03665669,3444.53427,2020-06-16T05:22:25.000Z,,2026-09-16T10:52:20.000Z
filecoin,fil,Filecoin,https://coin-images.coingecko.com/coins/images/12817/large/filecoin.png?1696512609,0.805393,666754030,92,1576283868,148670171.0,0.887226,0.801439,-0.08062433591103324,-9.00972,-66702538.647652864,-9.09427,827813309.0,1957045923.0,,236.84,-99.65994,2021-04-01T05:29:41.000Z,0.612413,31.51129,2026-08-18T03:52:30.000Z,,2026-09-16T10:52:20.000Z
akedo,ake,Akedo,https://coin-images.coingecko.com/coins/images/68410/large/akedo.png?1755678461,0.02848098,650302521,93,2852673228,72535740.0,0.02946829,0.02122811,0.0085972,41.59096,197026880.0,43.46734,22796250000.0,100000000000.0,100000000000.0,0.0363756,-21.70307,2026-09-02T21:45:20.000Z,0.00017407,16261.43498,2026-07-10T12:36:10.000Z,,2026-09-16T10:52:20.000Z
vechain,vet,VeChain,https://coin-images.coingecko.com/coins/images/1167/large/VET.png?1742383283,0.00719397,618668141,94,618668141,12718596.0,0.00751785,0.00700311,-0.000145372613185753,-2.03159,-12405857.892036557,-1.96583,85985041177.0,85985041177.0,86712634466.0,0.280991,-97.43979,2021-04-18T17:08:21.000Z,0.00191713,275.24639,2020-03-12T18:29:59.000Z,"{'times': 0.04701326718786455, 'currency': 'eth', 'percentage': 4.701326718786455}",2026-09-16T10:52:20.000Z
beldex,bdx,Beldex,https://coin-images.coingecko.com/coins/images/5111/large/Beldex.png?1696505631,0.076148,598961484,95,756408194,8614054.0,0.076325,0.075209,0.00074736,0.98363,5502333.0,0.92716,7870702965.5831375,9939643443.361187,,0.450785,-83.10759,2018-12-16T16:00:00.000Z,0.00027519,27571.66049,2019-11-01T03:05:12.000Z,"{'times': -0.6956489078359507, 'currency': 'usd', 'percentage': -69.56489078359506}",2026-09-16T10:52:20.000Z
ether-fi,ethfi,Ether.fi,https://coin-images.coingecko.com/coins/images/35958/large/etherfi.jpeg?1710254562,0.594197,573137587,96,573137587,36363255.0,0.620747,0.575364,-0.02179450968865615,-3.52069,-21510016.955919385,-3.61727,965350000.0,965350000.0,1000000000.0,8.53,-93.03314,2024-03-27T15:14:46.000Z,0.26653,122.93822,2026-06-05T19:19:15.000Z,,2026-09-16T10:52:20.000Z
xdce-crowd-sale,xdc,XDC Network,https://coin-images.coingecko.com/coins/images/2912/large/xdc-icon.png?1696503661,0.02781619,554818336,97,1058799353,12011124.0,0.02919974,0.02713273,-0.000988055881324494,-3.42474,-19730982.50635636,-3.43417,19946688440.0,38065686425.1,,0.192754,-85.56909,2021-08-20T20:39:48.000Z,0.00039532,6936.4061,2019-07-21T16:00:00.000Z,"{'times': 0.5381444595973444, 'currency': 'eth', 'percentage': 53.81444595973444}",2026-09-16T10:52:20.000Z
usual-usd,usd0,Usual USD,https://coin-images.coingecko.com/coins/images/38272/large/USD0LOGO.png?1716962811,0.999101,547125335,98,547125335,790672.0,0.999333,0.997592,0.00015592,0.01693,124750.0,0.02281,547613563.7506955,547613563.7506955,,1.33,-24.63593,2024-07-12T00:28:59.000Z,0.962885,3.76123,2025-04-10T00:30:51.000Z,,2026-09-16T10:52:20.000Z
flare-networks,flr,Flare,https://coin-images.coingecko.com/coins/images/28624/large/FLR-icon200x200.png?1696527609,0.00627305,545701109,99,668617736,5313748.0,0.00681202,0.0062435,-0.000366240534279486,-5.50614,-31578334.91355574,-5.4702,86970320242.41383,106559887769.8427,,0.150073,-95.82,2023-01-09T19:14:05.000Z,0.00586043,7.04085,2026-08-19T10:09:30.000Z,,2026-09-16T10:52:20.000Z
